,train_loss,test_loss,train_accuracy,test_accuracy,density,epoch
0,1.9609984299358056,1.7859167218208314,0.24620934317306598,0.34736328125,0.6896918158808715,1
1,1.577844808904492,1.3465798407793046,0.40492267222428807,0.5013671875,0.6446788466490394,2
