,train_loss,test_loss,train_accuracy,test_accuracy,density,epoch
0,2.2647635802930717,2.1449673533439637,0.1515226402909172,0.244921875,0.7084133573667121,1
1,2.0483906907694682,1.8490589529275894,0.2234175701682665,0.2677734375,0.6041043065386282,2
