,train_loss,test_loss,train_accuracy,test_accuracy,density,epoch
0,2.3066167855749327,2.297709810733795,0.09972098215045977,0.10478515625,0.7117878698429247,1
1,2.3001618859719257,2.295502007007599,0.10967394770408163,0.10859375,0.6408251320475057,2
